이름,학번,단과대,학과
이름,201720999,단과대,학과
이름,201720112,단과대,학과
이름,201720113,단과대,학과
이름,201720114,단과대,학과
이름,201720115,단과대,학과
이름,201720116,단과대,학과
이름,201920887,단과대,학과
이름,201920888,단과대,학과
이름,201920889,단과대,학과
이름,201920890,단과대,학과
이름,201920891,단과대,학과
이름,201920892,단과대,학과
이름,201820788,단과대,학과
이름,201820789,단과대,학과
이름,201820790,단과대,학과
이름,201820791,단과대,학과
이름,201820792,단과대,학과
이름,201920423,단과대,학과
이름,201920424,단과대,학과
이름,201920425,단과대,학과
이름,201920426,단과대,학과
이름,201920427,단과대,학과
이름,201920428,단과대,학과
이름,201920429,단과대,학과
이름,201920430,단과대,학과
이름,201920431,단과대,학과
이름,201920432,단과대,학과
이름,201920433,단과대,학과
이름,201720339,단과대,학과
이름,201720340,단과대,학과
이름,201623044,단과대,학과
이름,201520777,단과대,학과
이름,201920546,단과대,학과
이름,201920547,단과대,학과
이름,201920548,단과대,학과
이름,201920549,단과대,학과
이름,201820005,단과대,학과
이름,201820006,단과대,학과
이름,201820035,단과대,학과
이름,201820036,단과대,학과
이름,201820037,단과대,학과
이름,201820038,단과대,학과
이름,201820039,단과대,학과
이름,201820040,단과대,학과
이름,201820041,단과대,학과
이름,201820042,단과대,학과
이름,201820043,단과대,학과
이름,201820044,단과대,학과
이름,201820045,단과대,학과
이름,201820046,단과대,학과
이름,201820047,단과대,학과
이름,201820048,단과대,학과
이름,201820049,단과대,학과
이름,201820050,단과대,학과
이름,201820051,단과대,학과
이름,201820052,단과대,학과
이름,201820053,단과대,학과
이름,201820054,단과대,학과
이름,201820055,단과대,학과
이름,201820056,단과대,학과
이름,201820057,단과대,학과
이름,201820058,단과대,학과
이름,201820059,단과대,학과
이름,201920618,단과대,학과
이름,201920619,단과대,학과
이름,201920620,단과대,학과
이름,201920621,단과대,학과
이름,201920622,단과대,학과
이름,201920623,단과대,학과
이름,201920624,단과대,학과
이름,201920625,단과대,학과
이름,201920626,단과대,학과
이름,201920627,단과대,학과
이름,201920628,단과대,학과
이름,201920629,단과대,학과
이름,201920630,단과대,학과
이름,201920631,단과대,학과
이름,201920632,단과대,학과
이름,201920633,단과대,학과
이름,201920634,단과대,학과
이름,201920635,단과대,학과
이름,201920636,단과대,학과
이름,201920637,단과대,학과
이름,201920638,단과대,학과
이름,201920639,단과대,학과
이름,201920640,단과대,학과
이름,201920641,단과대,학과
이름,201920642,단과대,학과
이름,201523017,단과대,학과
이름,201523018,단과대,학과
이름,201523019,단과대,학과
이름,201820512,단과대,학과
이름,201820513,단과대,학과
이름,201820514,단과대,학과
이름,201820515,단과대,학과
이름,201820516,단과대,학과
이름,201820517,단과대,학과
이름,201820518,단과대,학과
이름,201820519,단과대,학과
이름,201820520,단과대,학과
이름,201820521,단과대,학과
이름,201820522,단과대,학과
이름,201820523,단과대,학과
이름,201820524,단과대,학과
이름,201820525,단과대,학과
이름,201820526,단과대,학과
이름,201820527,단과대,학과
이름,201820528,단과대,학과
이름,201820529,단과대,학과
